{"global_step": 19996672, "_timestamp": 1719474493.4433765, "_runtime": 11670.534169435501, "_step": 205485, "charts/episodic_return": 93.30488586425781, "charts/episodic_length": 31.0, "charts/learning_rate": 1.2290044537621725e-07, "losses/value_loss": 0.018261615186929703, "losses/policy_loss": -7.782131433486938e-05, "losses/entropy": -1.1533195972442627, "losses/old_approx_kl": 3.271200694143772e-05, "losses/approx_kl": 9.569339454174042e-07, "losses/clipfrac": 0.0, "losses/explained_variance": 0.9487252235412598, "charts/SPS": 1714.0, "_wandb": {"runtime": 11670}}