{"global_step": 999424, "_timestamp": 1718476054.8928514, "_runtime": 900.162228345871, "_step": 6905, "charts/episodic_return": -247.1016387939453, "charts/episodic_length": 54.0, "charts/learning_rate": 1.2295081432966981e-06, "losses/value_loss": 0.022712096571922302, "losses/policy_loss": 0.0004767999053001404, "losses/entropy": 1.7101378440856934, "losses/old_approx_kl": 0.0009421189315617085, "losses/approx_kl": 1.4443416148424149e-05, "losses/clipfrac": 0.0, "losses/explained_variance": 0.9153353571891785, "charts/SPS": 1116.0, "_wandb": {"runtime": 899}}