{"global_step": 9998336, "_timestamp": 1718940503.2344148, "_runtime": 8940.307587862015, "_step": 104576, "charts/episodic_return": 68.9580078125, "charts/episodic_length": 76.0, "charts/learning_rate": 1.2290044537621725e-07, "losses/value_loss": 0.0042949821799993515, "losses/policy_loss": -6.891787052154541e-07, "losses/entropy": -1.7126750946044922, "losses/old_approx_kl": 6.050802767276764e-05, "losses/approx_kl": 1.3560056686401367e-06, "losses/clipfrac": 0.0, "losses/explained_variance": 0.9892204999923706, "charts/SPS": 1118.0, "_wandb": {"runtime": 8940}}