{"global_step": 29999104, "_timestamp": 1718841191.132162, "_runtime": 27144.021581172943, "_step": 281771, "charts/episodic_return": 95.24555206298828, "charts/episodic_length": 136.0, "charts/learning_rate": 4.0961221969837425e-08, "losses/value_loss": 0.004127713851630688, "losses/policy_loss": 5.8960169553756714e-05, "losses/entropy": -0.9296939373016357, "losses/old_approx_kl": -4.097120836377144e-05, "losses/approx_kl": 1.9650906324386597e-07, "losses/clipfrac": 0.0, "losses/explained_variance": 0.9703482389450073, "charts/SPS": 1105.0, "_wandb": {"runtime": 27143}}