{"_wandb": {"runtime": 4}, "global_step": 0, "_timestamp": 1718474794.373307, "_runtime": 3.913583993911743, "_step": 0}