{"_wandb": {"runtime": 4}, "global_step": 0, "_timestamp": 1718474498.9507837, "_runtime": 3.9488227367401123, "_step": 0}