{"global_step": 4795104, "_timestamp": 1719432932.7748613, "_runtime": 2906.719979286194, "_step": 69531, "charts/episodic_return": -233.54119873046875, "charts/episodic_length": 124.0, "charts/learning_rate": 0.00015639344928786159, "losses/value_loss": 0.0124032748863101, "losses/policy_loss": -0.0023176409304142, "losses/entropy": -1.0072170495986938, "losses/old_approx_kl": 0.005908056162297726, "losses/approx_kl": 0.0025054500438272953, "losses/clipfrac": 0.04405517503619194, "losses/explained_variance": 0.9579309225082397, "charts/SPS": 1652.0, "_wandb": {"runtime": 9298}}