{"global_step": 19996672, "_timestamp": 1718695015.8218813, "_runtime": 17996.50044631958, "_step": 193725, "charts/episodic_return": -250.8427734375, "charts/episodic_length": 67.0, "charts/learning_rate": 6.145022268810862e-08, "losses/value_loss": 0.009639453142881393, "losses/policy_loss": -1.993216574192047e-05, "losses/entropy": 5.636853218078613, "losses/old_approx_kl": -4.991888999938965e-07, "losses/approx_kl": 1.30385160446167e-08, "losses/clipfrac": 0.0, "losses/explained_variance": 0.9587568640708923, "charts/SPS": 1111.0, "_wandb": {"runtime": 17996}}