{"_wandb": {"runtime": 4}, "global_step": 0, "_timestamp": 1718475019.0054197, "_runtime": 3.935732841491699, "_step": 0}