{"global_step": 9998336, "_timestamp": 1719014631.5770488, "_runtime": 8930.370538711548, "_step": 89757, "charts/episodic_return": -51.84403991699219, "charts/episodic_length": 42.0, "charts/learning_rate": 1.2290044537621725e-07, "losses/value_loss": 0.0021354404743760824, "losses/policy_loss": -0.0003701820969581604, "losses/entropy": -3.0200858116149902, "losses/old_approx_kl": 4.4228509068489075e-05, "losses/approx_kl": 7.195398211479187e-06, "losses/clipfrac": 0.0, "losses/explained_variance": 0.9959277510643005, "charts/SPS": 1120.0, "_wandb": {"runtime": 8930}}