{"global_step": 9998336, "_timestamp": 1718496401.472506, "_runtime": 8790.12013411522, "_step": 95393, "charts/episodic_return": -282.69708251953125, "charts/episodic_length": 81.0, "charts/learning_rate": 1.2290044537621725e-07, "losses/value_loss": 0.0016734156524762511, "losses/policy_loss": -4.269927740097046e-05, "losses/entropy": 4.605074882507324, "losses/old_approx_kl": -1.4230608940124512e-05, "losses/approx_kl": 3.073364496231079e-08, "losses/clipfrac": 0.0, "losses/explained_variance": 0.9891042113304138, "charts/SPS": 1138.0, "_wandb": {"runtime": 8789}}