{"global_step": 9998336, "_timestamp": 1718923149.0887203, "_runtime": 9944.831291437149, "_step": 89009, "charts/episodic_return": 433.9998779296875, "charts/episodic_length": 104.0, "charts/learning_rate": 1.2290044537621725e-07, "losses/value_loss": 0.007296780124306679, "losses/policy_loss": 0.00011004693806171417, "losses/entropy": 0.24574172496795654, "losses/old_approx_kl": -2.8088688850402832e-05, "losses/approx_kl": 1.4961697161197662e-06, "losses/clipfrac": 0.0, "losses/explained_variance": 0.975531280040741, "charts/SPS": 1006.0, "_wandb": {"runtime": 9944}}