{"global_step": 1441600, "_timestamp": 1719611230.639612, "_runtime": 687.9236860275269, "_step": 1970, "charts/episodic_return": -734.0880126953125, "charts/episodic_length": 200.0, "charts/learning_rate": 0.0002572131052147597, "losses/value_loss": 0.14705219864845276, "losses/policy_loss": -0.00027994997799396515, "losses/entropy": 0.0013762712478637695, "losses/old_approx_kl": -0.004681877791881561, "losses/approx_kl": 0.002053973264992237, "losses/clipfrac": 0.04638671875, "losses/explained_variance": 0.6699837446212769, "charts/SPS": 2115.0, "_wandb": {"runtime": 688}}