{"global_step": 135192, "_timestamp": 1719259637.4929032, "_runtime": 81.19318723678589, "_step": 777, "charts/episodic_return": -736.0281982421875, "charts/episodic_length": 161.0, "charts/learning_rate": 0.00029631148208864033, "losses/value_loss": 0.06622284650802612, "losses/policy_loss": 0.008421849459409714, "losses/entropy": 2.6486940383911133, "losses/old_approx_kl": 0.010105331428349018, "losses/approx_kl": 0.005730172619223595, "losses/clipfrac": 0.04906005784869194, "losses/explained_variance": 0.7073330283164978, "charts/SPS": 1766.0}