{"global_step": 9994240, "_timestamp": 1719616637.8895717, "_runtime": 4692.500594615936, "_step": 13664, "charts/episodic_return": -712.1467895507812, "charts/episodic_length": 200.0, "charts/learning_rate": 2.459016457123653e-07, "losses/value_loss": 0.44976329803466797, "losses/policy_loss": -0.0062377601861953735, "losses/entropy": -3.7916040420532227, "losses/old_approx_kl": 0.004708277992904186, "losses/approx_kl": 0.0025602374225854874, "losses/clipfrac": 0.0072387694381177425, "losses/explained_variance": 0.704105019569397, "charts/SPS": 2133.0, "_wandb": {"runtime": 4692}}