{"global_step": 19996672, "_timestamp": 1719091859.9498143, "_runtime": 17895.620077371597, "_step": 230226, "charts/episodic_return": -30.493053436279297, "charts/episodic_length": 74.0, "charts/learning_rate": 6.145022268810862e-08, "losses/value_loss": 0.003181756939738989, "losses/policy_loss": 6.309151649475098e-05, "losses/entropy": -3.6453371047973633, "losses/old_approx_kl": -0.0002756686881184578, "losses/approx_kl": 6.156042218208313e-07, "losses/clipfrac": 0.0, "losses/explained_variance": 0.9956687688827515, "charts/SPS": 1117.0, "_wandb": {"runtime": 17895}}