{"global_step": 9998336, "_timestamp": 1718730947.603716, "_runtime": 8876.967581987381, "_step": 98253, "charts/episodic_return": -307.787109375, "charts/episodic_length": 190.0, "charts/learning_rate": 1.2290044537621725e-07, "losses/value_loss": 0.006133183836936951, "losses/policy_loss": -1.2341886758804321e-05, "losses/entropy": 4.167597770690918, "losses/old_approx_kl": 3.137253224849701e-05, "losses/approx_kl": 1.210719347000122e-07, "losses/clipfrac": 0.0, "losses/explained_variance": 0.9621642827987671, "charts/SPS": 1126.0, "_wandb": {"runtime": 8876}}