{"global_step": 9994240, "_timestamp": 1719258620.952173, "_runtime": 5939.748265028, "_step": 134542, "charts/episodic_return": 44.78354263305664, "charts/episodic_length": 23.0, "charts/learning_rate": 2.459016457123653e-07, "losses/value_loss": 0.004303186200559139, "losses/policy_loss": -0.00015458650887012482, "losses/entropy": -1.4508497714996338, "losses/old_approx_kl": -1.8899329006671906e-05, "losses/approx_kl": 2.910848706960678e-06, "losses/clipfrac": 0.0, "losses/explained_variance": 0.9842564463615417, "charts/SPS": 1683.0, "_wandb": {"runtime": 5939}}