{"global_step": 9998336, "_timestamp": 1718741719.088338, "_runtime": 9274.652072906494, "_step": 93512, "charts/episodic_return": 132.94561767578125, "charts/episodic_length": 98.0, "charts/learning_rate": 1.2290044537621725e-07, "losses/value_loss": 0.014835280366241932, "losses/policy_loss": -5.872175097465515e-05, "losses/entropy": -0.1930447816848755, "losses/old_approx_kl": 9.782891720533371e-05, "losses/approx_kl": 1.5133991837501526e-06, "losses/clipfrac": 0.0, "losses/explained_variance": 0.9819554686546326, "charts/SPS": 1078.0, "_wandb": {"runtime": 9274}}