{"global_step": 19996672, "_timestamp": 1719270967.8693922, "_runtime": 11206.846627235413, "_step": 121020, "charts/episodic_return": -120.29470825195312, "charts/episodic_length": 178.0, "charts/learning_rate": 1.2290044537621725e-07, "losses/value_loss": 0.016744464635849, "losses/policy_loss": 0.00015100650489330292, "losses/entropy": -4.457248687744141, "losses/old_approx_kl": -0.0007113930769264698, "losses/approx_kl": 1.191697083413601e-05, "losses/clipfrac": 0.0, "losses/explained_variance": 0.9652240872383118, "charts/SPS": 1785.0, "_wandb": {"runtime": 11206}}