{"global_step": 19996672, "_timestamp": 1718767904.4727309, "_runtime": 18177.384078979492, "_step": 181525, "charts/episodic_return": 123.5042495727539, "charts/episodic_length": 98.0, "charts/learning_rate": 6.145022268810862e-08, "losses/value_loss": 0.01609693467617035, "losses/policy_loss": -0.00033149123191833496, "losses/entropy": -0.33260130882263184, "losses/old_approx_kl": 8.003273978829384e-05, "losses/approx_kl": 6.384216248989105e-07, "losses/clipfrac": 0.0, "losses/explained_variance": 0.9633419513702393, "charts/SPS": 1100.0, "_wandb": {"runtime": 18177}}